{
    "model_config": {
        "vocab_size": 13,
        "dim": 16,
        "dropout": 0.0,
        "n_layers": 2,
        "n_heads": 4,
        "n_kv_heads": 4,
        "max_seq_len": 20,
        "layer_norm_eps": 1e-05,
        "multiple_of": 32,
        "hidden_dim": null,
        "position_embedding_type": "rotary",
        "use_cache": true
    },
    "train_config": {
        "capacity": 5808844800000,
        "n_epochs": 8,
        "batch_size": 1024,
        "save_dir": "addition_models/ablation_1"
    },
    "num_params": 8560,
    "accuracy": 1.0
}